Playlist Id,Channel Id,Time Created,Time Updated,Title,Description,Visibility
LL_5-OtEfF3W1hCibhKzKfgw,UC_5-OtEfF3W1hCibhKzKfgw,2012-07-26 15:22:53 UTC,2021-10-08 12:05:39 UTC,Liked videos,,Private

Video Id,Time Added
0xxeRFEP1Y4,2021-10-08 12:05:39 UTC
byVhPbgXDns,2021-09-02 12:17:09 UTC
0FO4YktErTc,2019-11-24 16:18:19 UTC
CWNIJLcWHKI,2018-12-03 04:07:49 UTC
vzNcSvKCOyA,2018-11-09 03:48:47 UTC
yYvbr-sDVqs,2018-11-05 20:31:50 UTC
dARAN1z2KqY,2018-10-29 17:07:16 UTC
4g2kexLp2qg,2018-10-13 18:39:16 UTC
t5TZzAwwyNQ,2018-10-12 16:07:15 UTC
iLNyiaAscQ0,2018-10-04 13:10:06 UTC
CRd8QMamq1g,2018-09-16 01:11:41 UTC
xIkAhvCUmaU,2018-08-14 19:46:26 UTC
a_jXwy-GSq8,2018-08-11 16:38:24 UTC
8xXeT2N-_YE,2018-07-01 21:37:21 UTC
vNjEbPfc2d0,2014-11-01 09:20:06 UTC
CxmRCV82ip4,2014-11-01 08:22:34 UTC
7kxLCkmh52s,2014-10-25 17:53:35 UTC
nO-j1oJW440,2014-05-02 13:26:00 UTC
oYm6aMMcFu8,2014-03-30 20:36:02 UTC
6H9BuxeNro0,2013-09-06 08:19:11 UTC
dqz0plz6DEs,2012-07-30 13:44:21 UTC
ZrMvYHFeH60,2012-07-26 15:22:53 UTC

