Playlist Id,Channel Id,Time Created,Time Updated,Title,Description,Visibility
PL5A4703769BF2D7BC,UC_5-OtEfF3W1hCibhKzKfgw,2012-08-27 17:25:36 UTC,2021-10-07 17:46:34 UTC,Watch later,,Private

Video Id,Time Added
5qap5aO4i9A,2020-05-06 01:53:17 UTC
Nxu6GlDleqA,2020-06-12 13:24:08 UTC
kjepbZKB9vY,2020-09-30 18:53:30 UTC
4_E3htIJ-oo,2020-11-11 13:04:04 UTC
9plfckcV3pw,2021-02-16 23:43:36 UTC
Et51r5BFAk0,2021-06-26 02:12:05 UTC
TWbX7vU1uCI,2021-09-13 15:59:37 UTC
G5eOlVh_YJw,2021-10-07 17:46:34 UTC

